{
  "id": "2067195",
  "name": "Materal.APP",
  "font_family": "Micon",
  "css_prefix_text": "Micon_",
  "description": "Materal.APP图标",
  "glyphs": [
    {
      "icon_id": "5485649",
      "name": "上传 (1)",
      "font_class": "uploadfile",
      "unicode": "e612",
      "unicode_decimal": 58898
    },
    {
      "icon_id": "6326748",
      "name": "重置",
      "font_class": "reset",
      "unicode": "e627",
      "unicode_decimal": 58919
    },
    {
      "icon_id": "12685485",
      "name": "删除",
      "font_class": "delete",
      "unicode": "e639",
      "unicode_decimal": 58937
    },
    {
      "icon_id": "16800993",
      "name": "同步",
      "font_class": "sync",
      "unicode": "e61e",
      "unicode_decimal": 58910
    },
    {
      "icon_id": "380367",
      "name": "plus",
      "font_class": "plus",
      "unicode": "e661",
      "unicode_decimal": 58977
    },
    {
      "icon_id": "12310351",
      "name": "search",
      "font_class": "search",
      "unicode": "e893",
      "unicode_decimal": 59539
    },
    {
      "icon_id": "432038",
      "name": "stop",
      "font_class": "stop",
      "unicode": "e7f9",
      "unicode_decimal": 59385
    },
    {
      "icon_id": "506911",
      "name": "clear",
      "font_class": "clear",
      "unicode": "e60e",
      "unicode_decimal": 58894
    },
    {
      "icon_id": "1444310",
      "name": "console",
      "font_class": "console",
      "unicode": "e6d0",
      "unicode_decimal": 59088
    },
    {
      "icon_id": "1486963",
      "name": "启动",
      "font_class": "start",
      "unicode": "e6b0",
      "unicode_decimal": 59056
    },
    {
      "icon_id": "5127306",
      "name": "edit",
      "font_class": "edit",
      "unicode": "e780",
      "unicode_decimal": 59264
    },
    {
      "icon_id": "7275339",
      "name": "Clear All",
      "font_class": "clear_all",
      "unicode": "e686",
      "unicode_decimal": 59014
    },
    {
      "icon_id": "1141970",
      "name": "未选中",
      "font_class": "not_checked2",
      "unicode": "e64c",
      "unicode_decimal": 58956
    },
    {
      "icon_id": "633020",
      "name": "选中",
      "font_class": "checked2",
      "unicode": "e624",
      "unicode_decimal": 58916
    },
    {
      "icon_id": "4770758",
      "name": "左箭头",
      "font_class": "arrow_left",
      "unicode": "e642",
      "unicode_decimal": 58946
    },
    {
      "icon_id": "7708031",
      "name": "右箭头",
      "font_class": "arrow_right",
      "unicode": "e61d",
      "unicode_decimal": 58909
    },
    {
      "icon_id": "13229908",
      "name": "箭头下",
      "font_class": "arrow_down",
      "unicode": "e62b",
      "unicode_decimal": 58923
    },
    {
      "icon_id": "13229913",
      "name": "箭头上",
      "font_class": "arrow_up",
      "unicode": "e62c",
      "unicode_decimal": 58924
    },
    {
      "icon_id": "1130640",
      "name": "成功",
      "font_class": "success",
      "unicode": "e62a",
      "unicode_decimal": 58922
    },
    {
      "icon_id": "4550303",
      "name": "错误",
      "font_class": "error",
      "unicode": "e605",
      "unicode_decimal": 58885
    },
    {
      "icon_id": "8620351",
      "name": "感叹号",
      "font_class": "info",
      "unicode": "e602",
      "unicode_decimal": 58882
    },
    {
      "icon_id": "1138742",
      "name": "close",
      "font_class": "close",
      "unicode": "e644",
      "unicode_decimal": 58948
    },
    {
      "icon_id": "5801019",
      "name": "选中",
      "font_class": "checked",
      "unicode": "e611",
      "unicode_decimal": 58897
    },
    {
      "icon_id": "12987930",
      "name": "未选中",
      "font_class": "not_checked",
      "unicode": "e61a",
      "unicode_decimal": 58906
    },
    {
      "icon_id": "1381385",
      "name": "github",
      "font_class": "github",
      "unicode": "e628",
      "unicode_decimal": 58920
    }
  ]
}
